Headers,HeadersThumbs,HeadersDisplay,collection1Thumbs,collection1HD,collection2Thumbs,collection2HD,collection3Thumbs,collection3HD,collection4Thumbs,collection4HD,collection5Thumbs,collection5HD,,,,,,,,,,,,,,,,,,
collection1,https://raw.githubusercontent.com/indpDB/UC-ImageApp-MehndiDesigns/master/C1/TH/1.png,Yes,https://raw.githubusercontent.com/indpDB/UC-ImageApp-MehndiDesigns/master/C1/TH/1.png,https://raw.githubusercontent.com/indpDB/UC-ImageApp-MehndiDesigns/master/C1/HD/1.png,https://raw.githubusercontent.com/indpDB/UC-ImageApp-MehndiDesigns/master/C2/TH/1.png,https://raw.githubusercontent.com/indpDB/UC-ImageApp-MehndiDesigns/master/C2/HD/1.png,https://raw.githubusercontent.com/indpDB/UC-ImageApp-MehndiDesigns/master/C3/TH/1.png,https://raw.githubusercontent.com/indpDB/UC-ImageApp-MehndiDesigns/master/C3/HD/1.png,https://raw.githubusercontent.com/indpDB/UC-ImageApp-MehndiDesigns/master/C4/TH/1.png,https://raw.githubusercontent.com/indpDB/UC-ImageApp-MehndiDesigns/master/C4/HD/1.png,https://raw.githubusercontent.com/indpDB/UC-ImageApp-MehndiDesigns/master/C5/TH/1.png,https://raw.githubusercontent.com/indpDB/UC-ImageApp-MehndiDesigns/master/C5/HD/1.png,,,,,,,,,,,,,,,,,,
collection2,https://raw.githubusercontent.com/indpDB/UC-ImageApp-MehndiDesigns/master/C2/TH/1.png,Yes,https://raw.githubusercontent.com/indpDB/UC-ImageApp-MehndiDesigns/master/C1/TH/2.png,https://raw.githubusercontent.com/indpDB/UC-ImageApp-MehndiDesigns/master/C1/HD/2.png,https://raw.githubusercontent.com/indpDB/UC-ImageApp-MehndiDesigns/master/C2/TH/2.png,https://raw.githubusercontent.com/indpDB/UC-ImageApp-MehndiDesigns/master/C2/HD/2.png,https://raw.githubusercontent.com/indpDB/UC-ImageApp-MehndiDesigns/master/C3/TH/2.png,https://raw.githubusercontent.com/indpDB/UC-ImageApp-MehndiDesigns/master/C3/HD/2.png,https://raw.githubusercontent.com/indpDB/UC-ImageApp-MehndiDesigns/master/C4/TH/2.png,https://raw.githubusercontent.com/indpDB/UC-ImageApp-MehndiDesigns/master/C4/HD/2.png,https://raw.githubusercontent.com/indpDB/UC-ImageApp-MehndiDesigns/master/C5/TH/2.png,https://raw.githubusercontent.com/indpDB/UC-ImageApp-MehndiDesigns/master/C5/HD/2.png,,,,,,,,,,,,,,,,,,
collection3,https://raw.githubusercontent.com/indpDB/UC-ImageApp-MehndiDesigns/master/C3/TH/1.png,Yes,https://raw.githubusercontent.com/indpDB/UC-ImageApp-MehndiDesigns/master/C1/TH/3.png,https://raw.githubusercontent.com/indpDB/UC-ImageApp-MehndiDesigns/master/C1/HD/3.png,https://raw.githubusercontent.com/indpDB/UC-ImageApp-MehndiDesigns/master/C2/TH/3.png,https://raw.githubusercontent.com/indpDB/UC-ImageApp-MehndiDesigns/master/C2/HD/3.png,https://raw.githubusercontent.com/indpDB/UC-ImageApp-MehndiDesigns/master/C3/TH/3.png,https://raw.githubusercontent.com/indpDB/UC-ImageApp-MehndiDesigns/master/C3/HD/3.png,https://raw.githubusercontent.com/indpDB/UC-ImageApp-MehndiDesigns/master/C4/TH/3.png,https://raw.githubusercontent.com/indpDB/UC-ImageApp-MehndiDesigns/master/C4/HD/3.png,https://raw.githubusercontent.com/indpDB/UC-ImageApp-MehndiDesigns/master/C5/TH/3.png,https://raw.githubusercontent.com/indpDB/UC-ImageApp-MehndiDesigns/master/C5/HD/3.png,,,,,,,,,,,,,,,,,,
collection4,https://raw.githubusercontent.com/indpDB/UC-ImageApp-MehndiDesigns/master/C4/TH/1.png,Yes,https://raw.githubusercontent.com/indpDB/UC-ImageApp-MehndiDesigns/master/C1/TH/4.png,https://raw.githubusercontent.com/indpDB/UC-ImageApp-MehndiDesigns/master/C1/HD/4.png,https://raw.githubusercontent.com/indpDB/UC-ImageApp-MehndiDesigns/master/C2/TH/4.png,https://raw.githubusercontent.com/indpDB/UC-ImageApp-MehndiDesigns/master/C2/HD/4.png,https://raw.githubusercontent.com/indpDB/UC-ImageApp-MehndiDesigns/master/C3/TH/4.png,https://raw.githubusercontent.com/indpDB/UC-ImageApp-MehndiDesigns/master/C3/HD/4.png,https://raw.githubusercontent.com/indpDB/UC-ImageApp-MehndiDesigns/master/C4/TH/4.png,https://raw.githubusercontent.com/indpDB/UC-ImageApp-MehndiDesigns/master/C4/HD/4.png,https://raw.githubusercontent.com/indpDB/UC-ImageApp-MehndiDesigns/master/C5/TH/4.png,https://raw.githubusercontent.com/indpDB/UC-ImageApp-MehndiDesigns/master/C5/HD/4.png,,,,,,,,,,,,,,,,,,
collection5,https://raw.githubusercontent.com/indpDB/UC-ImageApp-MehndiDesigns/master/C5/TH/1.png,Yes,https://raw.githubusercontent.com/indpDB/UC-ImageApp-MehndiDesigns/master/C1/TH/5.png,https://raw.githubusercontent.com/indpDB/UC-ImageApp-MehndiDesigns/master/C1/HD/5.png,https://raw.githubusercontent.com/indpDB/UC-ImageApp-MehndiDesigns/master/C2/TH/5.png,https://raw.githubusercontent.com/indpDB/UC-ImageApp-MehndiDesigns/master/C2/HD/5.png,https://raw.githubusercontent.com/indpDB/UC-ImageApp-MehndiDesigns/master/C3/TH/5.png,https://raw.githubusercontent.com/indpDB/UC-ImageApp-MehndiDesigns/master/C3/HD/5.png,https://raw.githubusercontent.com/indpDB/UC-ImageApp-MehndiDesigns/master/C4/TH/5.png,https://raw.githubusercontent.com/indpDB/UC-ImageApp-MehndiDesigns/master/C4/HD/5.png,https://raw.githubusercontent.com/indpDB/UC-ImageApp-MehndiDesigns/master/C5/TH/5.png,https://raw.githubusercontent.com/indpDB/UC-ImageApp-MehndiDesigns/master/C5/HD/5.png,,,,,,,,,,,,,,,,,,
,,,https://raw.githubusercontent.com/indpDB/UC-ImageApp-MehndiDesigns/master/C1/TH/6.png,https://raw.githubusercontent.com/indpDB/UC-ImageApp-MehndiDesigns/master/C1/HD/6.png,https://raw.githubusercontent.com/indpDB/UC-ImageApp-MehndiDesigns/master/C2/TH/6.png,https://raw.githubusercontent.com/indpDB/UC-ImageApp-MehndiDesigns/master/C2/HD/6.png,https://raw.githubusercontent.com/indpDB/UC-ImageApp-MehndiDesigns/master/C3/TH/6.png,https://raw.githubusercontent.com/indpDB/UC-ImageApp-MehndiDesigns/master/C3/HD/6.png,https://raw.githubusercontent.com/indpDB/UC-ImageApp-MehndiDesigns/master/C4/TH/6.png,https://raw.githubusercontent.com/indpDB/UC-ImageApp-MehndiDesigns/master/C4/HD/6.png,https://raw.githubusercontent.com/indpDB/UC-ImageApp-MehndiDesigns/master/C5/TH/6.png,https://raw.githubusercontent.com/indpDB/UC-ImageApp-MehndiDesigns/master/C5/HD/6.png,,,,,,,,,,,,,,,,,,
,,,https://raw.githubusercontent.com/indpDB/UC-ImageApp-MehndiDesigns/master/C1/TH/7.png,https://raw.githubusercontent.com/indpDB/UC-ImageApp-MehndiDesigns/master/C1/HD/7.png,https://raw.githubusercontent.com/indpDB/UC-ImageApp-MehndiDesigns/master/C2/TH/7.png,https://raw.githubusercontent.com/indpDB/UC-ImageApp-MehndiDesigns/master/C2/HD/7.png,https://raw.githubusercontent.com/indpDB/UC-ImageApp-MehndiDesigns/master/C3/TH/7.png,https://raw.githubusercontent.com/indpDB/UC-ImageApp-MehndiDesigns/master/C3/HD/7.png,https://raw.githubusercontent.com/indpDB/UC-ImageApp-MehndiDesigns/master/C4/TH/7.png,https://raw.githubusercontent.com/indpDB/UC-ImageApp-MehndiDesigns/master/C4/HD/7.png,https://raw.githubusercontent.com/indpDB/UC-ImageApp-MehndiDesigns/master/C5/TH/7.png,https://raw.githubusercontent.com/indpDB/UC-ImageApp-MehndiDesigns/master/C5/HD/7.png,,,,,,,,,,,,,,,,,,
,,,https://raw.githubusercontent.com/indpDB/UC-ImageApp-MehndiDesigns/master/C1/TH/8.png,https://raw.githubusercontent.com/indpDB/UC-ImageApp-MehndiDesigns/master/C1/HD/8.png,https://raw.githubusercontent.com/indpDB/UC-ImageApp-MehndiDesigns/master/C2/TH/8.png,https://raw.githubusercontent.com/indpDB/UC-ImageApp-MehndiDesigns/master/C2/HD/8.png,https://raw.githubusercontent.com/indpDB/UC-ImageApp-MehndiDesigns/master/C3/TH/8.png,https://raw.githubusercontent.com/indpDB/UC-ImageApp-MehndiDesigns/master/C3/HD/8.png,https://raw.githubusercontent.com/indpDB/UC-ImageApp-MehndiDesigns/master/C4/TH/8.png,https://raw.githubusercontent.com/indpDB/UC-ImageApp-MehndiDesigns/master/C4/HD/8.png,https://raw.githubusercontent.com/indpDB/UC-ImageApp-MehndiDesigns/master/C5/TH/8.png,https://raw.githubusercontent.com/indpDB/UC-ImageApp-MehndiDesigns/master/C5/HD/8.png,,,,,,,,,,,,,,,,,,
,,,https://raw.githubusercontent.com/indpDB/UC-ImageApp-MehndiDesigns/master/C1/TH/9.png,https://raw.githubusercontent.com/indpDB/UC-ImageApp-MehndiDesigns/master/C1/HD/9.png,https://raw.githubusercontent.com/indpDB/UC-ImageApp-MehndiDesigns/master/C2/TH/9.png,https://raw.githubusercontent.com/indpDB/UC-ImageApp-MehndiDesigns/master/C2/HD/9.png,https://raw.githubusercontent.com/indpDB/UC-ImageApp-MehndiDesigns/master/C3/TH/9.png,https://raw.githubusercontent.com/indpDB/UC-ImageApp-MehndiDesigns/master/C3/HD/9.png,https://raw.githubusercontent.com/indpDB/UC-ImageApp-MehndiDesigns/master/C4/TH/9.png,https://raw.githubusercontent.com/indpDB/UC-ImageApp-MehndiDesigns/master/C4/HD/9.png,https://raw.githubusercontent.com/indpDB/UC-ImageApp-MehndiDesigns/master/C5/TH/9.png,https://raw.githubusercontent.com/indpDB/UC-ImageApp-MehndiDesigns/master/C5/HD/9.png,,,,,,,,,,,,,,,,,,
,,,https://raw.githubusercontent.com/indpDB/UC-ImageApp-MehndiDesigns/master/C1/TH/10.png,https://raw.githubusercontent.com/indpDB/UC-ImageApp-MehndiDesigns/master/C1/HD/10.png,https://raw.githubusercontent.com/indpDB/UC-ImageApp-MehndiDesigns/master/C2/TH/10.png,https://raw.githubusercontent.com/indpDB/UC-ImageApp-MehndiDesigns/master/C2/HD/10.png,https://raw.githubusercontent.com/indpDB/UC-ImageApp-MehndiDesigns/master/C3/TH/10.png,https://raw.githubusercontent.com/indpDB/UC-ImageApp-MehndiDesigns/master/C3/HD/10.png,https://raw.githubusercontent.com/indpDB/UC-ImageApp-MehndiDesigns/master/C4/TH/10.png,https://raw.githubusercontent.com/indpDB/UC-ImageApp-MehndiDesigns/master/C4/HD/10.png,https://raw.githubusercontent.com/indpDB/UC-ImageApp-MehndiDesigns/master/C5/TH/10.png,https://raw.githubusercontent.com/indpDB/UC-ImageApp-MehndiDesigns/master/C5/HD/10.png,,,,,,,,,,,,,,,,,,
,,,https://raw.githubusercontent.com/indpDB/UC-ImageApp-MehndiDesigns/master/C1/TH/11.png,https://raw.githubusercontent.com/indpDB/UC-ImageApp-MehndiDesigns/master/C1/HD/11.png,https://raw.githubusercontent.com/indpDB/UC-ImageApp-MehndiDesigns/master/C2/TH/11.png,https://raw.githubusercontent.com/indpDB/UC-ImageApp-MehndiDesigns/master/C2/HD/11.png,https://raw.githubusercontent.com/indpDB/UC-ImageApp-MehndiDesigns/master/C3/TH/11.png,https://raw.githubusercontent.com/indpDB/UC-ImageApp-MehndiDesigns/master/C3/HD/11.png,https://raw.githubusercontent.com/indpDB/UC-ImageApp-MehndiDesigns/master/C4/TH/11.png,https://raw.githubusercontent.com/indpDB/UC-ImageApp-MehndiDesigns/master/C4/HD/11.png,https://raw.githubusercontent.com/indpDB/UC-ImageApp-MehndiDesigns/master/C5/TH/11.png,https://raw.githubusercontent.com/indpDB/UC-ImageApp-MehndiDesigns/master/C5/HD/11.png,,,,,,,,,,,,,,,,,,
,,,https://raw.githubusercontent.com/indpDB/UC-ImageApp-MehndiDesigns/master/C1/TH/12.png,https://raw.githubusercontent.com/indpDB/UC-ImageApp-MehndiDesigns/master/C1/HD/12.png,https://raw.githubusercontent.com/indpDB/UC-ImageApp-MehndiDesigns/master/C2/TH/12.png,https://raw.githubusercontent.com/indpDB/UC-ImageApp-MehndiDesigns/master/C2/HD/12.png,https://raw.githubusercontent.com/indpDB/UC-ImageApp-MehndiDesigns/master/C3/TH/12.png,https://raw.githubusercontent.com/indpDB/UC-ImageApp-MehndiDesigns/master/C3/HD/12.png,https://raw.githubusercontent.com/indpDB/UC-ImageApp-MehndiDesigns/master/C4/TH/12.png,https://raw.githubusercontent.com/indpDB/UC-ImageApp-MehndiDesigns/master/C4/HD/12.png,https://raw.githubusercontent.com/indpDB/UC-ImageApp-MehndiDesigns/master/C5/TH/12.png,https://raw.githubusercontent.com/indpDB/UC-ImageApp-MehndiDesigns/master/C5/HD/12.png,,,,,,,,,,,,,,,,,,
,,,https://raw.githubusercontent.com/indpDB/UC-ImageApp-MehndiDesigns/master/C1/TH/13.png,https://raw.githubusercontent.com/indpDB/UC-ImageApp-MehndiDesigns/master/C1/HD/13.png,https://raw.githubusercontent.com/indpDB/UC-ImageApp-MehndiDesigns/master/C2/TH/13.png,https://raw.githubusercontent.com/indpDB/UC-ImageApp-MehndiDesigns/master/C2/HD/13.png,https://raw.githubusercontent.com/indpDB/UC-ImageApp-MehndiDesigns/master/C3/TH/13.png,https://raw.githubusercontent.com/indpDB/UC-ImageApp-MehndiDesigns/master/C3/HD/13.png,https://raw.githubusercontent.com/indpDB/UC-ImageApp-MehndiDesigns/master/C4/TH/13.png,https://raw.githubusercontent.com/indpDB/UC-ImageApp-MehndiDesigns/master/C4/HD/13.png,https://raw.githubusercontent.com/indpDB/UC-ImageApp-MehndiDesigns/master/C5/TH/13.png,https://raw.githubusercontent.com/indpDB/UC-ImageApp-MehndiDesigns/master/C5/HD/13.png,,,,,,,,,,,,,,,,,,
,,,https://raw.githubusercontent.com/indpDB/UC-ImageApp-MehndiDesigns/master/C1/TH/14.png,https://raw.githubusercontent.com/indpDB/UC-ImageApp-MehndiDesigns/master/C1/HD/14.png,https://raw.githubusercontent.com/indpDB/UC-ImageApp-MehndiDesigns/master/C2/TH/14.png,https://raw.githubusercontent.com/indpDB/UC-ImageApp-MehndiDesigns/master/C2/HD/14.png,https://raw.githubusercontent.com/indpDB/UC-ImageApp-MehndiDesigns/master/C3/TH/14.png,https://raw.githubusercontent.com/indpDB/UC-ImageApp-MehndiDesigns/master/C3/HD/14.png,https://raw.githubusercontent.com/indpDB/UC-ImageApp-MehndiDesigns/master/C4/TH/14.png,https://raw.githubusercontent.com/indpDB/UC-ImageApp-MehndiDesigns/master/C4/HD/14.png,https://raw.githubusercontent.com/indpDB/UC-ImageApp-MehndiDesigns/master/C5/TH/14.png,https://raw.githubusercontent.com/indpDB/UC-ImageApp-MehndiDesigns/master/C5/HD/14.png,,,,,,,,,,,,,,,,,,
,,,https://raw.githubusercontent.com/indpDB/UC-ImageApp-MehndiDesigns/master/C1/TH/15.png,https://raw.githubusercontent.com/indpDB/UC-ImageApp-MehndiDesigns/master/C1/HD/15.png,https://raw.githubusercontent.com/indpDB/UC-ImageApp-MehndiDesigns/master/C2/TH/15.png,https://raw.githubusercontent.com/indpDB/UC-ImageApp-MehndiDesigns/master/C2/HD/15.png,https://raw.githubusercontent.com/indpDB/UC-ImageApp-MehndiDesigns/master/C3/TH/15.png,https://raw.githubusercontent.com/indpDB/UC-ImageApp-MehndiDesigns/master/C3/HD/15.png,https://raw.githubusercontent.com/indpDB/UC-ImageApp-MehndiDesigns/master/C4/TH/15.png,https://raw.githubusercontent.com/indpDB/UC-ImageApp-MehndiDesigns/master/C4/HD/15.png,https://raw.githubusercontent.com/indpDB/UC-ImageApp-MehndiDesigns/master/C5/TH/15.png,https://raw.githubusercontent.com/indpDB/UC-ImageApp-MehndiDesigns/master/C5/HD/15.png,,,,,,,,,,,,,,,,,,
,,,https://raw.githubusercontent.com/indpDB/UC-ImageApp-MehndiDesigns/master/C1/TH/16.png,https://raw.githubusercontent.com/indpDB/UC-ImageApp-MehndiDesigns/master/C1/HD/16.png,https://raw.githubusercontent.com/indpDB/UC-ImageApp-MehndiDesigns/master/C2/TH/16.png,https://raw.githubusercontent.com/indpDB/UC-ImageApp-MehndiDesigns/master/C2/HD/16.png,https://raw.githubusercontent.com/indpDB/UC-ImageApp-MehndiDesigns/master/C3/TH/16.png,https://raw.githubusercontent.com/indpDB/UC-ImageApp-MehndiDesigns/master/C3/HD/16.png,https://raw.githubusercontent.com/indpDB/UC-ImageApp-MehndiDesigns/master/C4/TH/16.png,https://raw.githubusercontent.com/indpDB/UC-ImageApp-MehndiDesigns/master/C4/HD/16.png,https://raw.githubusercontent.com/indpDB/UC-ImageApp-MehndiDesigns/master/C5/TH/16.png,https://raw.githubusercontent.com/indpDB/UC-ImageApp-MehndiDesigns/master/C5/HD/16.png,,,,,,,,,,,,,,,,,,
,,,https://raw.githubusercontent.com/indpDB/UC-ImageApp-MehndiDesigns/master/C1/TH/17.png,https://raw.githubusercontent.com/indpDB/UC-ImageApp-MehndiDesigns/master/C1/HD/17.png,https://raw.githubusercontent.com/indpDB/UC-ImageApp-MehndiDesigns/master/C2/TH/17.png,https://raw.githubusercontent.com/indpDB/UC-ImageApp-MehndiDesigns/master/C2/HD/17.png,https://raw.githubusercontent.com/indpDB/UC-ImageApp-MehndiDesigns/master/C3/TH/17.png,https://raw.githubusercontent.com/indpDB/UC-ImageApp-MehndiDesigns/master/C3/HD/17.png,https://raw.githubusercontent.com/indpDB/UC-ImageApp-MehndiDesigns/master/C4/TH/17.png,https://raw.githubusercontent.com/indpDB/UC-ImageApp-MehndiDesigns/master/C4/HD/17.png,https://raw.githubusercontent.com/indpDB/UC-ImageApp-MehndiDesigns/master/C5/TH/17.png,https://raw.githubusercontent.com/indpDB/UC-ImageApp-MehndiDesigns/master/C5/HD/17.png,,,,,,,,,,,,,,,,,,
,,,https://raw.githubusercontent.com/indpDB/UC-ImageApp-MehndiDesigns/master/C1/TH/18.png,https://raw.githubusercontent.com/indpDB/UC-ImageApp-MehndiDesigns/master/C1/HD/18.png,https://raw.githubusercontent.com/indpDB/UC-ImageApp-MehndiDesigns/master/C2/TH/18.png,https://raw.githubusercontent.com/indpDB/UC-ImageApp-MehndiDesigns/master/C2/HD/18.png,https://raw.githubusercontent.com/indpDB/UC-ImageApp-MehndiDesigns/master/C3/TH/18.png,https://raw.githubusercontent.com/indpDB/UC-ImageApp-MehndiDesigns/master/C3/HD/18.png,https://raw.githubusercontent.com/indpDB/UC-ImageApp-MehndiDesigns/master/C4/TH/18.png,https://raw.githubusercontent.com/indpDB/UC-ImageApp-MehndiDesigns/master/C4/HD/18.png,https://raw.githubusercontent.com/indpDB/UC-ImageApp-MehndiDesigns/master/C5/TH/18.png,https://raw.githubusercontent.com/indpDB/UC-ImageApp-MehndiDesigns/master/C5/HD/18.png,,,,,,,,,,,,,,,,,,
,,,https://raw.githubusercontent.com/indpDB/UC-ImageApp-MehndiDesigns/master/C1/TH/19.png,https://raw.githubusercontent.com/indpDB/UC-ImageApp-MehndiDesigns/master/C1/HD/19.png,https://raw.githubusercontent.com/indpDB/UC-ImageApp-MehndiDesigns/master/C2/TH/19.png,https://raw.githubusercontent.com/indpDB/UC-ImageApp-MehndiDesigns/master/C2/HD/19.png,https://raw.githubusercontent.com/indpDB/UC-ImageApp-MehndiDesigns/master/C3/TH/19.png,https://raw.githubusercontent.com/indpDB/UC-ImageApp-MehndiDesigns/master/C3/HD/19.png,https://raw.githubusercontent.com/indpDB/UC-ImageApp-MehndiDesigns/master/C4/TH/19.png,https://raw.githubusercontent.com/indpDB/UC-ImageApp-MehndiDesigns/master/C4/HD/19.png,https://raw.githubusercontent.com/indpDB/UC-ImageApp-MehndiDesigns/master/C5/TH/19.png,https://raw.githubusercontent.com/indpDB/UC-ImageApp-MehndiDesigns/master/C5/HD/19.png,,,,,,,,,,,,,,,,,,
,,,https://raw.githubusercontent.com/indpDB/UC-ImageApp-MehndiDesigns/master/C1/TH/20.png,https://raw.githubusercontent.com/indpDB/UC-ImageApp-MehndiDesigns/master/C1/HD/20.png,https://raw.githubusercontent.com/indpDB/UC-ImageApp-MehndiDesigns/master/C2/TH/20.png,https://raw.githubusercontent.com/indpDB/UC-ImageApp-MehndiDesigns/master/C2/HD/20.png,https://raw.githubusercontent.com/indpDB/UC-ImageApp-MehndiDesigns/master/C3/TH/20.png,https://raw.githubusercontent.com/indpDB/UC-ImageApp-MehndiDesigns/master/C3/HD/20.png,https://raw.githubusercontent.com/indpDB/UC-ImageApp-MehndiDesigns/master/C4/TH/20.png,https://raw.githubusercontent.com/indpDB/UC-ImageApp-MehndiDesigns/master/C4/HD/20.png,https://raw.githubusercontent.com/indpDB/UC-ImageApp-MehndiDesigns/master/C5/TH/20.png,https://raw.githubusercontent.com/indpDB/UC-ImageApp-MehndiDesigns/master/C5/HD/20.png,,,,,,,,,,,,,,,,,,
,,,https://raw.githubusercontent.com/indpDB/UC-ImageApp-MehndiDesigns/master/C1/TH/21.png,https://raw.githubusercontent.com/indpDB/UC-ImageApp-MehndiDesigns/master/C1/HD/21.png,https://raw.githubusercontent.com/indpDB/UC-ImageApp-MehndiDesigns/master/C2/TH/21.png,https://raw.githubusercontent.com/indpDB/UC-ImageApp-MehndiDesigns/master/C2/HD/21.png,https://raw.githubusercontent.com/indpDB/UC-ImageApp-MehndiDesigns/master/C3/TH/21.png,https://raw.githubusercontent.com/indpDB/UC-ImageApp-MehndiDesigns/master/C3/HD/21.png,https://raw.githubusercontent.com/indpDB/UC-ImageApp-MehndiDesigns/master/C4/TH/21.png,https://raw.githubusercontent.com/indpDB/UC-ImageApp-MehndiDesigns/master/C4/HD/21.png,https://raw.githubusercontent.com/indpDB/UC-ImageApp-MehndiDesigns/master/C5/TH/21.png,https://raw.githubusercontent.com/indpDB/UC-ImageApp-MehndiDesigns/master/C5/HD/21.png,,,,,,,,,,,,,,,,,,
,,,https://raw.githubusercontent.com/indpDB/UC-ImageApp-MehndiDesigns/master/C1/TH/22.png,https://raw.githubusercontent.com/indpDB/UC-ImageApp-MehndiDesigns/master/C1/HD/22.png,https://raw.githubusercontent.com/indpDB/UC-ImageApp-MehndiDesigns/master/C2/TH/22.png,https://raw.githubusercontent.com/indpDB/UC-ImageApp-MehndiDesigns/master/C2/HD/22.png,https://raw.githubusercontent.com/indpDB/UC-ImageApp-MehndiDesigns/master/C3/TH/22.png,https://raw.githubusercontent.com/indpDB/UC-ImageApp-MehndiDesigns/master/C3/HD/22.png,https://raw.githubusercontent.com/indpDB/UC-ImageApp-MehndiDesigns/master/C4/TH/22.png,https://raw.githubusercontent.com/indpDB/UC-ImageApp-MehndiDesigns/master/C4/HD/22.png,https://raw.githubusercontent.com/indpDB/UC-ImageApp-MehndiDesigns/master/C5/TH/22.png,https://raw.githubusercontent.com/indpDB/UC-ImageApp-MehndiDesigns/master/C5/HD/22.png,,,,,,,,,,,,,,,,,,
,,,https://raw.githubusercontent.com/indpDB/UC-ImageApp-MehndiDesigns/master/C1/TH/23.png,https://raw.githubusercontent.com/indpDB/UC-ImageApp-MehndiDesigns/master/C1/HD/23.png,https://raw.githubusercontent.com/indpDB/UC-ImageApp-MehndiDesigns/master/C2/TH/23.png,https://raw.githubusercontent.com/indpDB/UC-ImageApp-MehndiDesigns/master/C2/HD/23.png,https://raw.githubusercontent.com/indpDB/UC-ImageApp-MehndiDesigns/master/C3/TH/23.png,https://raw.githubusercontent.com/indpDB/UC-ImageApp-MehndiDesigns/master/C3/HD/23.png,https://raw.githubusercontent.com/indpDB/UC-ImageApp-MehndiDesigns/master/C4/TH/23.png,https://raw.githubusercontent.com/indpDB/UC-ImageApp-MehndiDesigns/master/C4/HD/23.png,https://raw.githubusercontent.com/indpDB/UC-ImageApp-MehndiDesigns/master/C5/TH/23.png,https://raw.githubusercontent.com/indpDB/UC-ImageApp-MehndiDesigns/master/C5/HD/23.png,,,,,,,,,,,,,,,,,,
,,,https://raw.githubusercontent.com/indpDB/UC-ImageApp-MehndiDesigns/master/C1/TH/24.png,https://raw.githubusercontent.com/indpDB/UC-ImageApp-MehndiDesigns/master/C1/HD/24.png,https://raw.githubusercontent.com/indpDB/UC-ImageApp-MehndiDesigns/master/C2/TH/24.png,https://raw.githubusercontent.com/indpDB/UC-ImageApp-MehndiDesigns/master/C2/HD/24.png,https://raw.githubusercontent.com/indpDB/UC-ImageApp-MehndiDesigns/master/C3/TH/24.png,https://raw.githubusercontent.com/indpDB/UC-ImageApp-MehndiDesigns/master/C3/HD/24.png,https://raw.githubusercontent.com/indpDB/UC-ImageApp-MehndiDesigns/master/C4/TH/24.png,https://raw.githubusercontent.com/indpDB/UC-ImageApp-MehndiDesigns/master/C4/HD/24.png,https://raw.githubusercontent.com/indpDB/UC-ImageApp-MehndiDesigns/master/C5/TH/24.png,https://raw.githubusercontent.com/indpDB/UC-ImageApp-MehndiDesigns/master/C5/HD/24.png,,,,,,,,,,,,,,,,,,
,,,https://raw.githubusercontent.com/indpDB/UC-ImageApp-MehndiDesigns/master/C1/TH/25.png,https://raw.githubusercontent.com/indpDB/UC-ImageApp-MehndiDesigns/master/C1/HD/25.png,https://raw.githubusercontent.com/indpDB/UC-ImageApp-MehndiDesigns/master/C2/TH/25.png,https://raw.githubusercontent.com/indpDB/UC-ImageApp-MehndiDesigns/master/C2/HD/25.png,https://raw.githubusercontent.com/indpDB/UC-ImageApp-MehndiDesigns/master/C3/TH/25.png,https://raw.githubusercontent.com/indpDB/UC-ImageApp-MehndiDesigns/master/C3/HD/25.png,https://raw.githubusercontent.com/indpDB/UC-ImageApp-MehndiDesigns/master/C4/TH/25.png,https://raw.githubusercontent.com/indpDB/UC-ImageApp-MehndiDesigns/master/C4/HD/25.png,https://raw.githubusercontent.com/indpDB/UC-ImageApp-MehndiDesigns/master/C5/TH/25.png,https://raw.githubusercontent.com/indpDB/UC-ImageApp-MehndiDesigns/master/C5/HD/25.png,,,,,,,,,,,,,,,,,,
,,,https://raw.githubusercontent.com/indpDB/UC-ImageApp-MehndiDesigns/master/C1/TH/26.png,https://raw.githubusercontent.com/indpDB/UC-ImageApp-MehndiDesigns/master/C1/HD/26.png,https://raw.githubusercontent.com/indpDB/UC-ImageApp-MehndiDesigns/master/C2/TH/26.png,https://raw.githubusercontent.com/indpDB/UC-ImageApp-MehndiDesigns/master/C2/HD/26.png,https://raw.githubusercontent.com/indpDB/UC-ImageApp-MehndiDesigns/master/C3/TH/26.png,https://raw.githubusercontent.com/indpDB/UC-ImageApp-MehndiDesigns/master/C3/HD/26.png,https://raw.githubusercontent.com/indpDB/UC-ImageApp-MehndiDesigns/master/C4/TH/26.png,https://raw.githubusercontent.com/indpDB/UC-ImageApp-MehndiDesigns/master/C4/HD/26.png,https://raw.githubusercontent.com/indpDB/UC-ImageApp-MehndiDesigns/master/C5/TH/26.png,https://raw.githubusercontent.com/indpDB/UC-ImageApp-MehndiDesigns/master/C5/HD/26.png,,,,,,,,,,,,,,,,,,
,,,https://raw.githubusercontent.com/indpDB/UC-ImageApp-MehndiDesigns/master/C1/TH/27.png,https://raw.githubusercontent.com/indpDB/UC-ImageApp-MehndiDesigns/master/C1/HD/27.png,https://raw.githubusercontent.com/indpDB/UC-ImageApp-MehndiDesigns/master/C2/TH/27.png,https://raw.githubusercontent.com/indpDB/UC-ImageApp-MehndiDesigns/master/C2/HD/27.png,https://raw.githubusercontent.com/indpDB/UC-ImageApp-MehndiDesigns/master/C3/TH/27.png,https://raw.githubusercontent.com/indpDB/UC-ImageApp-MehndiDesigns/master/C3/HD/27.png,https://raw.githubusercontent.com/indpDB/UC-ImageApp-MehndiDesigns/master/C4/TH/27.png,https://raw.githubusercontent.com/indpDB/UC-ImageApp-MehndiDesigns/master/C4/HD/27.png,https://raw.githubusercontent.com/indpDB/UC-ImageApp-MehndiDesigns/master/C5/TH/27.png,https://raw.githubusercontent.com/indpDB/UC-ImageApp-MehndiDesigns/master/C5/HD/27.png,,,,,,,,,,,,,,,,,,
,,,https://raw.githubusercontent.com/indpDB/UC-ImageApp-MehndiDesigns/master/C1/TH/28.png,https://raw.githubusercontent.com/indpDB/UC-ImageApp-MehndiDesigns/master/C1/HD/28.png,https://raw.githubusercontent.com/indpDB/UC-ImageApp-MehndiDesigns/master/C2/TH/28.png,https://raw.githubusercontent.com/indpDB/UC-ImageApp-MehndiDesigns/master/C2/HD/28.png,https://raw.githubusercontent.com/indpDB/UC-ImageApp-MehndiDesigns/master/C3/TH/28.png,https://raw.githubusercontent.com/indpDB/UC-ImageApp-MehndiDesigns/master/C3/HD/28.png,https://raw.githubusercontent.com/indpDB/UC-ImageApp-MehndiDesigns/master/C4/TH/28.png,https://raw.githubusercontent.com/indpDB/UC-ImageApp-MehndiDesigns/master/C4/HD/28.png,https://raw.githubusercontent.com/indpDB/UC-ImageApp-MehndiDesigns/master/C5/TH/28.png,https://raw.githubusercontent.com/indpDB/UC-ImageApp-MehndiDesigns/master/C5/HD/28.png,,,,,,,,,,,,,,,,,,
,,,https://raw.githubusercontent.com/indpDB/UC-ImageApp-MehndiDesigns/master/C1/TH/29.png,https://raw.githubusercontent.com/indpDB/UC-ImageApp-MehndiDesigns/master/C1/HD/29.png,https://raw.githubusercontent.com/indpDB/UC-ImageApp-MehndiDesigns/master/C2/TH/29.png,https://raw.githubusercontent.com/indpDB/UC-ImageApp-MehndiDesigns/master/C2/HD/29.png,https://raw.githubusercontent.com/indpDB/UC-ImageApp-MehndiDesigns/master/C3/TH/29.png,https://raw.githubusercontent.com/indpDB/UC-ImageApp-MehndiDesigns/master/C3/HD/29.png,https://raw.githubusercontent.com/indpDB/UC-ImageApp-MehndiDesigns/master/C4/TH/29.png,https://raw.githubusercontent.com/indpDB/UC-ImageApp-MehndiDesigns/master/C4/HD/29.png,https://raw.githubusercontent.com/indpDB/UC-ImageApp-MehndiDesigns/master/C5/TH/29.png,https://raw.githubusercontent.com/indpDB/UC-ImageApp-MehndiDesigns/master/C5/HD/29.png,,,,,,,,,,,,,,,,,,
,,,https://raw.githubusercontent.com/indpDB/UC-ImageApp-MehndiDesigns/master/C1/TH/30.png,https://raw.githubusercontent.com/indpDB/UC-ImageApp-MehndiDesigns/master/C1/HD/30.png,https://raw.githubusercontent.com/indpDB/UC-ImageApp-MehndiDesigns/master/C2/TH/30.png,https://raw.githubusercontent.com/indpDB/UC-ImageApp-MehndiDesigns/master/C2/HD/30.png,https://raw.githubusercontent.com/indpDB/UC-ImageApp-MehndiDesigns/master/C3/TH/30.png,https://raw.githubusercontent.com/indpDB/UC-ImageApp-MehndiDesigns/master/C3/HD/30.png,https://raw.githubusercontent.com/indpDB/UC-ImageApp-MehndiDesigns/master/C4/TH/30.png,https://raw.githubusercontent.com/indpDB/UC-ImageApp-MehndiDesigns/master/C4/HD/30.png,https://raw.githubusercontent.com/indpDB/UC-ImageApp-MehndiDesigns/master/C5/TH/30.png,https://raw.githubusercontent.com/indpDB/UC-ImageApp-MehndiDesigns/master/C5/HD/30.png,,,,,,,,,,,,,,,,,,
,,,https://raw.githubusercontent.com/indpDB/UC-ImageApp-MehndiDesigns/master/C1/TH/31.png,https://raw.githubusercontent.com/indpDB/UC-ImageApp-MehndiDesigns/master/C1/HD/31.png,https://raw.githubusercontent.com/indpDB/UC-ImageApp-MehndiDesigns/master/C2/TH/31.png,https://raw.githubusercontent.com/indpDB/UC-ImageApp-MehndiDesigns/master/C2/HD/31.png,https://raw.githubusercontent.com/indpDB/UC-ImageApp-MehndiDesigns/master/C3/TH/31.png,https://raw.githubusercontent.com/indpDB/UC-ImageApp-MehndiDesigns/master/C3/HD/31.png,https://raw.githubusercontent.com/indpDB/UC-ImageApp-MehndiDesigns/master/C4/TH/31.png,https://raw.githubusercontent.com/indpDB/UC-ImageApp-MehndiDesigns/master/C4/HD/31.png,https://raw.githubusercontent.com/indpDB/UC-ImageApp-MehndiDesigns/master/C5/TH/31.png,https://raw.githubusercontent.com/indpDB/UC-ImageApp-MehndiDesigns/master/C5/HD/31.png,,,,,,,,,,,,,,,,,,
,,,https://raw.githubusercontent.com/indpDB/UC-ImageApp-MehndiDesigns/master/C1/TH/32.png,https://raw.githubusercontent.com/indpDB/UC-ImageApp-MehndiDesigns/master/C1/HD/32.png,https://raw.githubusercontent.com/indpDB/UC-ImageApp-MehndiDesigns/master/C2/TH/32.png,https://raw.githubusercontent.com/indpDB/UC-ImageApp-MehndiDesigns/master/C2/HD/32.png,https://raw.githubusercontent.com/indpDB/UC-ImageApp-MehndiDesigns/master/C3/TH/32.png,https://raw.githubusercontent.com/indpDB/UC-ImageApp-MehndiDesigns/master/C3/HD/32.png,https://raw.githubusercontent.com/indpDB/UC-ImageApp-MehndiDesigns/master/C4/TH/32.png,https://raw.githubusercontent.com/indpDB/UC-ImageApp-MehndiDesigns/master/C4/HD/32.png,https://raw.githubusercontent.com/indpDB/UC-ImageApp-MehndiDesigns/master/C5/TH/32.png,https://raw.githubusercontent.com/indpDB/UC-ImageApp-MehndiDesigns/master/C5/HD/32.png,,,,,,,,,,,,,,,,,,
,,,https://raw.githubusercontent.com/indpDB/UC-ImageApp-MehndiDesigns/master/C1/TH/33.png,https://raw.githubusercontent.com/indpDB/UC-ImageApp-MehndiDesigns/master/C1/HD/33.png,https://raw.githubusercontent.com/indpDB/UC-ImageApp-MehndiDesigns/master/C2/TH/33.png,https://raw.githubusercontent.com/indpDB/UC-ImageApp-MehndiDesigns/master/C2/HD/33.png,https://raw.githubusercontent.com/indpDB/UC-ImageApp-MehndiDesigns/master/C3/TH/33.png,https://raw.githubusercontent.com/indpDB/UC-ImageApp-MehndiDesigns/master/C3/HD/33.png,https://raw.githubusercontent.com/indpDB/UC-ImageApp-MehndiDesigns/master/C4/TH/33.png,https://raw.githubusercontent.com/indpDB/UC-ImageApp-MehndiDesigns/master/C4/HD/33.png,https://raw.githubusercontent.com/indpDB/UC-ImageApp-MehndiDesigns/master/C5/TH/33.png,https://raw.githubusercontent.com/indpDB/UC-ImageApp-MehndiDesigns/master/C5/HD/33.png,,,,,,,,,,,,,,,,,,
,,,https://raw.githubusercontent.com/indpDB/UC-ImageApp-MehndiDesigns/master/C1/TH/34.png,https://raw.githubusercontent.com/indpDB/UC-ImageApp-MehndiDesigns/master/C1/HD/34.png,https://raw.githubusercontent.com/indpDB/UC-ImageApp-MehndiDesigns/master/C2/TH/34.png,https://raw.githubusercontent.com/indpDB/UC-ImageApp-MehndiDesigns/master/C2/HD/34.png,https://raw.githubusercontent.com/indpDB/UC-ImageApp-MehndiDesigns/master/C3/TH/34.png,https://raw.githubusercontent.com/indpDB/UC-ImageApp-MehndiDesigns/master/C3/HD/34.png,https://raw.githubusercontent.com/indpDB/UC-ImageApp-MehndiDesigns/master/C4/TH/34.png,https://raw.githubusercontent.com/indpDB/UC-ImageApp-MehndiDesigns/master/C4/HD/34.png,https://raw.githubusercontent.com/indpDB/UC-ImageApp-MehndiDesigns/master/C5/TH/34.png,https://raw.githubusercontent.com/indpDB/UC-ImageApp-MehndiDesigns/master/C5/HD/34.png,,,,,,,,,,,,,,,,,,
,,,https://raw.githubusercontent.com/indpDB/UC-ImageApp-MehndiDesigns/master/C1/TH/35.png,https://raw.githubusercontent.com/indpDB/UC-ImageApp-MehndiDesigns/master/C1/HD/35.png,https://raw.githubusercontent.com/indpDB/UC-ImageApp-MehndiDesigns/master/C2/TH/35.png,https://raw.githubusercontent.com/indpDB/UC-ImageApp-MehndiDesigns/master/C2/HD/35.png,https://raw.githubusercontent.com/indpDB/UC-ImageApp-MehndiDesigns/master/C3/TH/35.png,https://raw.githubusercontent.com/indpDB/UC-ImageApp-MehndiDesigns/master/C3/HD/35.png,https://raw.githubusercontent.com/indpDB/UC-ImageApp-MehndiDesigns/master/C4/TH/35.png,https://raw.githubusercontent.com/indpDB/UC-ImageApp-MehndiDesigns/master/C4/HD/35.png,https://raw.githubusercontent.com/indpDB/UC-ImageApp-MehndiDesigns/master/C5/TH/35.png,https://raw.githubusercontent.com/indpDB/UC-ImageApp-MehndiDesigns/master/C5/HD/35.png,,,,,,,,,,,,,,,,,,
,,,https://raw.githubusercontent.com/indpDB/UC-ImageApp-MehndiDesigns/master/C1/TH/36.png,https://raw.githubusercontent.com/indpDB/UC-ImageApp-MehndiDesigns/master/C1/HD/36.png,https://raw.githubusercontent.com/indpDB/UC-ImageApp-MehndiDesigns/master/C2/TH/36.png,https://raw.githubusercontent.com/indpDB/UC-ImageApp-MehndiDesigns/master/C2/HD/36.png,https://raw.githubusercontent.com/indpDB/UC-ImageApp-MehndiDesigns/master/C3/TH/36.png,https://raw.githubusercontent.com/indpDB/UC-ImageApp-MehndiDesigns/master/C3/HD/36.png,https://raw.githubusercontent.com/indpDB/UC-ImageApp-MehndiDesigns/master/C4/TH/36.png,https://raw.githubusercontent.com/indpDB/UC-ImageApp-MehndiDesigns/master/C4/HD/36.png,https://raw.githubusercontent.com/indpDB/UC-ImageApp-MehndiDesigns/master/C5/TH/36.png,https://raw.githubusercontent.com/indpDB/UC-ImageApp-MehndiDesigns/master/C5/HD/36.png,,,,,,,,,,,,,,,,,,
,,,https://raw.githubusercontent.com/indpDB/UC-ImageApp-MehndiDesigns/master/C1/TH/37.png,https://raw.githubusercontent.com/indpDB/UC-ImageApp-MehndiDesigns/master/C1/HD/37.png,https://raw.githubusercontent.com/indpDB/UC-ImageApp-MehndiDesigns/master/C2/TH/37.png,https://raw.githubusercontent.com/indpDB/UC-ImageApp-MehndiDesigns/master/C2/HD/37.png,https://raw.githubusercontent.com/indpDB/UC-ImageApp-MehndiDesigns/master/C3/TH/37.png,https://raw.githubusercontent.com/indpDB/UC-ImageApp-MehndiDesigns/master/C3/HD/37.png,https://raw.githubusercontent.com/indpDB/UC-ImageApp-MehndiDesigns/master/C4/TH/37.png,https://raw.githubusercontent.com/indpDB/UC-ImageApp-MehndiDesigns/master/C4/HD/37.png,https://raw.githubusercontent.com/indpDB/UC-ImageApp-MehndiDesigns/master/C5/TH/37.png,https://raw.githubusercontent.com/indpDB/UC-ImageApp-MehndiDesigns/master/C5/HD/37.png,,,,,,,,,,,,,,,,,,
,,,https://raw.githubusercontent.com/indpDB/UC-ImageApp-MehndiDesigns/master/C1/TH/38.png,https://raw.githubusercontent.com/indpDB/UC-ImageApp-MehndiDesigns/master/C1/HD/38.png,https://raw.githubusercontent.com/indpDB/UC-ImageApp-MehndiDesigns/master/C2/TH/38.png,https://raw.githubusercontent.com/indpDB/UC-ImageApp-MehndiDesigns/master/C2/HD/38.png,https://raw.githubusercontent.com/indpDB/UC-ImageApp-MehndiDesigns/master/C3/TH/38.png,https://raw.githubusercontent.com/indpDB/UC-ImageApp-MehndiDesigns/master/C3/HD/38.png,https://raw.githubusercontent.com/indpDB/UC-ImageApp-MehndiDesigns/master/C4/TH/38.png,https://raw.githubusercontent.com/indpDB/UC-ImageApp-MehndiDesigns/master/C4/HD/38.png,https://raw.githubusercontent.com/indpDB/UC-ImageApp-MehndiDesigns/master/C5/TH/38.png,https://raw.githubusercontent.com/indpDB/UC-ImageApp-MehndiDesigns/master/C5/HD/38.png,,,,,,,,,,,,,,,,,,
,,,https://raw.githubusercontent.com/indpDB/UC-ImageApp-MehndiDesigns/master/C1/TH/39.png,https://raw.githubusercontent.com/indpDB/UC-ImageApp-MehndiDesigns/master/C1/HD/39.png,https://raw.githubusercontent.com/indpDB/UC-ImageApp-MehndiDesigns/master/C2/TH/39.png,https://raw.githubusercontent.com/indpDB/UC-ImageApp-MehndiDesigns/master/C2/HD/39.png,https://raw.githubusercontent.com/indpDB/UC-ImageApp-MehndiDesigns/master/C3/TH/39.png,https://raw.githubusercontent.com/indpDB/UC-ImageApp-MehndiDesigns/master/C3/HD/39.png,https://raw.githubusercontent.com/indpDB/UC-ImageApp-MehndiDesigns/master/C4/TH/39.png,https://raw.githubusercontent.com/indpDB/UC-ImageApp-MehndiDesigns/master/C4/HD/39.png,https://raw.githubusercontent.com/indpDB/UC-ImageApp-MehndiDesigns/master/C5/TH/39.png,https://raw.githubusercontent.com/indpDB/UC-ImageApp-MehndiDesigns/master/C5/HD/39.png,,,,,,,,,,,,,,,,,,
,,,https://raw.githubusercontent.com/indpDB/UC-ImageApp-MehndiDesigns/master/C1/TH/40.png,https://raw.githubusercontent.com/indpDB/UC-ImageApp-MehndiDesigns/master/C1/HD/40.png,https://raw.githubusercontent.com/indpDB/UC-ImageApp-MehndiDesigns/master/C2/TH/40.png,https://raw.githubusercontent.com/indpDB/UC-ImageApp-MehndiDesigns/master/C2/HD/40.png,https://raw.githubusercontent.com/indpDB/UC-ImageApp-MehndiDesigns/master/C3/TH/40.png,https://raw.githubusercontent.com/indpDB/UC-ImageApp-MehndiDesigns/master/C3/HD/40.png,https://raw.githubusercontent.com/indpDB/UC-ImageApp-MehndiDesigns/master/C4/TH/40.png,https://raw.githubusercontent.com/indpDB/UC-ImageApp-MehndiDesigns/master/C4/HD/40.png,https://raw.githubusercontent.com/indpDB/UC-ImageApp-MehndiDesigns/master/C5/TH/40.png,https://raw.githubusercontent.com/indpDB/UC-ImageApp-MehndiDesigns/master/C5/HD/40.png,,,,,,,,,,,,,,,,,,
,,,https://raw.githubusercontent.com/indpDB/UC-ImageApp-MehndiDesigns/master/C1/TH/41.png,https://raw.githubusercontent.com/indpDB/UC-ImageApp-MehndiDesigns/master/C1/HD/41.png,https://raw.githubusercontent.com/indpDB/UC-ImageApp-MehndiDesigns/master/C2/TH/41.png,https://raw.githubusercontent.com/indpDB/UC-ImageApp-MehndiDesigns/master/C2/HD/41.png,https://raw.githubusercontent.com/indpDB/UC-ImageApp-MehndiDesigns/master/C3/TH/41.png,https://raw.githubusercontent.com/indpDB/UC-ImageApp-MehndiDesigns/master/C3/HD/41.png,,,https://raw.githubusercontent.com/indpDB/UC-ImageApp-MehndiDesigns/master/C5/TH/41.png,https://raw.githubusercontent.com/indpDB/UC-ImageApp-MehndiDesigns/master/C5/HD/41.png,,,,,,,,,,,,,,,,,,
,,,https://raw.githubusercontent.com/indpDB/UC-ImageApp-MehndiDesigns/master/C1/TH/42.png,https://raw.githubusercontent.com/indpDB/UC-ImageApp-MehndiDesigns/master/C1/HD/42.png,https://raw.githubusercontent.com/indpDB/UC-ImageApp-MehndiDesigns/master/C2/TH/42.png,https://raw.githubusercontent.com/indpDB/UC-ImageApp-MehndiDesigns/master/C2/HD/42.png,https://raw.githubusercontent.com/indpDB/UC-ImageApp-MehndiDesigns/master/C3/TH/42.png,https://raw.githubusercontent.com/indpDB/UC-ImageApp-MehndiDesigns/master/C3/HD/42.png,,,https://raw.githubusercontent.com/indpDB/UC-ImageApp-MehndiDesigns/master/C5/TH/42.png,https://raw.githubusercontent.com/indpDB/UC-ImageApp-MehndiDesigns/master/C5/HD/42.png,,,,,,,,,,,,,,,,,,
,,,https://raw.githubusercontent.com/indpDB/UC-ImageApp-MehndiDesigns/master/C1/TH/43.png,https://raw.githubusercontent.com/indpDB/UC-ImageApp-MehndiDesigns/master/C1/HD/43.png,https://raw.githubusercontent.com/indpDB/UC-ImageApp-MehndiDesigns/master/C2/TH/43.png,https://raw.githubusercontent.com/indpDB/UC-ImageApp-MehndiDesigns/master/C2/HD/43.png,https://raw.githubusercontent.com/indpDB/UC-ImageApp-MehndiDesigns/master/C3/TH/43.png,https://raw.githubusercontent.com/indpDB/UC-ImageApp-MehndiDesigns/master/C3/HD/43.png,,,https://raw.githubusercontent.com/indpDB/UC-ImageApp-MehndiDesigns/master/C5/TH/43.png,https://raw.githubusercontent.com/indpDB/UC-ImageApp-MehndiDesigns/master/C5/HD/43.png,,,,,,,,,,,,,,,,,,
,,,https://raw.githubusercontent.com/indpDB/UC-ImageApp-MehndiDesigns/master/C1/TH/44.png,https://raw.githubusercontent.com/indpDB/UC-ImageApp-MehndiDesigns/master/C1/HD/44.png,https://raw.githubusercontent.com/indpDB/UC-ImageApp-MehndiDesigns/master/C2/TH/44.png,https://raw.githubusercontent.com/indpDB/UC-ImageApp-MehndiDesigns/master/C2/HD/44.png,https://raw.githubusercontent.com/indpDB/UC-ImageApp-MehndiDesigns/master/C3/TH/44.png,https://raw.githubusercontent.com/indpDB/UC-ImageApp-MehndiDesigns/master/C3/HD/44.png,,,https://raw.githubusercontent.com/indpDB/UC-ImageApp-MehndiDesigns/master/C5/TH/44.png,https://raw.githubusercontent.com/indpDB/UC-ImageApp-MehndiDesigns/master/C5/HD/44.png,,,,,,,,,,,,,,,,,,
,,,https://raw.githubusercontent.com/indpDB/UC-ImageApp-MehndiDesigns/master/C1/TH/45.png,https://raw.githubusercontent.com/indpDB/UC-ImageApp-MehndiDesigns/master/C1/HD/45.png,https://raw.githubusercontent.com/indpDB/UC-ImageApp-MehndiDesigns/master/C2/TH/45.png,https://raw.githubusercontent.com/indpDB/UC-ImageApp-MehndiDesigns/master/C2/HD/45.png,https://raw.githubusercontent.com/indpDB/UC-ImageApp-MehndiDesigns/master/C3/TH/45.png,https://raw.githubusercontent.com/indpDB/UC-ImageApp-MehndiDesigns/master/C3/HD/45.png,,,https://raw.githubusercontent.com/indpDB/UC-ImageApp-MehndiDesigns/master/C5/TH/45.png,https://raw.githubusercontent.com/indpDB/UC-ImageApp-MehndiDesigns/master/C5/HD/45.png,,,,,,,,,,,,,,,,,,
,,,https://raw.githubusercontent.com/indpDB/UC-ImageApp-MehndiDesigns/master/C1/TH/46.png,https://raw.githubusercontent.com/indpDB/UC-ImageApp-MehndiDesigns/master/C1/HD/46.png,https://raw.githubusercontent.com/indpDB/UC-ImageApp-MehndiDesigns/master/C2/TH/46.png,https://raw.githubusercontent.com/indpDB/UC-ImageApp-MehndiDesigns/master/C2/HD/46.png,https://raw.githubusercontent.com/indpDB/UC-ImageApp-MehndiDesigns/master/C3/TH/46.png,https://raw.githubusercontent.com/indpDB/UC-ImageApp-MehndiDesigns/master/C3/HD/46.png,,,https://raw.githubusercontent.com/indpDB/UC-ImageApp-MehndiDesigns/master/C5/TH/46.png,https://raw.githubusercontent.com/indpDB/UC-ImageApp-MehndiDesigns/master/C5/HD/46.png,,,,,,,,,,,,,,,,,,
,,,https://raw.githubusercontent.com/indpDB/UC-ImageApp-MehndiDesigns/master/C1/TH/47.png,https://raw.githubusercontent.com/indpDB/UC-ImageApp-MehndiDesigns/master/C1/HD/47.png,https://raw.githubusercontent.com/indpDB/UC-ImageApp-MehndiDesigns/master/C2/TH/47.png,https://raw.githubusercontent.com/indpDB/UC-ImageApp-MehndiDesigns/master/C2/HD/47.png,https://raw.githubusercontent.com/indpDB/UC-ImageApp-MehndiDesigns/master/C3/TH/47.png,https://raw.githubusercontent.com/indpDB/UC-ImageApp-MehndiDesigns/master/C3/HD/47.png,,,https://raw.githubusercontent.com/indpDB/UC-ImageApp-MehndiDesigns/master/C5/TH/47.png,https://raw.githubusercontent.com/indpDB/UC-ImageApp-MehndiDesigns/master/C5/HD/47.png,,,,,,,,,,,,,,,,,,
,,,https://raw.githubusercontent.com/indpDB/UC-ImageApp-MehndiDesigns/master/C1/TH/48.png,https://raw.githubusercontent.com/indpDB/UC-ImageApp-MehndiDesigns/master/C1/HD/48.png,https://raw.githubusercontent.com/indpDB/UC-ImageApp-MehndiDesigns/master/C2/TH/48.png,https://raw.githubusercontent.com/indpDB/UC-ImageApp-MehndiDesigns/master/C2/HD/48.png,https://raw.githubusercontent.com/indpDB/UC-ImageApp-MehndiDesigns/master/C3/TH/48.png,https://raw.githubusercontent.com/indpDB/UC-ImageApp-MehndiDesigns/master/C3/HD/48.png,,,https://raw.githubusercontent.com/indpDB/UC-ImageApp-MehndiDesigns/master/C5/TH/48.png,https://raw.githubusercontent.com/indpDB/UC-ImageApp-MehndiDesigns/master/C5/HD/48.png,,,,,,,,,,,,,,,,,,
,,,https://raw.githubusercontent.com/indpDB/UC-ImageApp-MehndiDesigns/master/C1/TH/49.png,https://raw.githubusercontent.com/indpDB/UC-ImageApp-MehndiDesigns/master/C1/HD/49.png,https://raw.githubusercontent.com/indpDB/UC-ImageApp-MehndiDesigns/master/C2/TH/49.png,https://raw.githubusercontent.com/indpDB/UC-ImageApp-MehndiDesigns/master/C2/HD/49.png,https://raw.githubusercontent.com/indpDB/UC-ImageApp-MehndiDesigns/master/C3/TH/49.png,https://raw.githubusercontent.com/indpDB/UC-ImageApp-MehndiDesigns/master/C3/HD/49.png,,,https://raw.githubusercontent.com/indpDB/UC-ImageApp-MehndiDesigns/master/C5/TH/49.png,https://raw.githubusercontent.com/indpDB/UC-ImageApp-MehndiDesigns/master/C5/HD/49.png,,,,,,,,,,,,,,,,,,
,,,https://raw.githubusercontent.com/indpDB/UC-ImageApp-MehndiDesigns/master/C1/TH/50.png,https://raw.githubusercontent.com/indpDB/UC-ImageApp-MehndiDesigns/master/C1/HD/50.png,https://raw.githubusercontent.com/indpDB/UC-ImageApp-MehndiDesigns/master/C2/TH/50.png,https://raw.githubusercontent.com/indpDB/UC-ImageApp-MehndiDesigns/master/C2/HD/50.png,https://raw.githubusercontent.com/indpDB/UC-ImageApp-MehndiDesigns/master/C3/TH/50.png,https://raw.githubusercontent.com/indpDB/UC-ImageApp-MehndiDesigns/master/C3/HD/50.png,,,https://raw.githubusercontent.com/indpDB/UC-ImageApp-MehndiDesigns/master/C5/TH/50.png,https://raw.githubusercontent.com/indpDB/UC-ImageApp-MehndiDesigns/master/C5/HD/50.png,,,,,,,,,,,,,,,,,,
,,,https://raw.githubusercontent.com/indpDB/UC-ImageApp-MehndiDesigns/master/C1/TH/51.png,https://raw.githubusercontent.com/indpDB/UC-ImageApp-MehndiDesigns/master/C1/HD/51.png,https://raw.githubusercontent.com/indpDB/UC-ImageApp-MehndiDesigns/master/C2/TH/51.png,https://raw.githubusercontent.com/indpDB/UC-ImageApp-MehndiDesigns/master/C2/HD/51.png,https://raw.githubusercontent.com/indpDB/UC-ImageApp-MehndiDesigns/master/C3/TH/51.png,https://raw.githubusercontent.com/indpDB/UC-ImageApp-MehndiDesigns/master/C3/HD/51.png,,,https://raw.githubusercontent.com/indpDB/UC-ImageApp-MehndiDesigns/master/C5/TH/51.png,https://raw.githubusercontent.com/indpDB/UC-ImageApp-MehndiDesigns/master/C5/HD/51.png,,,,,,,,,,,,,,,,,,
,,,https://raw.githubusercontent.com/indpDB/UC-ImageApp-MehndiDesigns/master/C1/TH/52.png,https://raw.githubusercontent.com/indpDB/UC-ImageApp-MehndiDesigns/master/C1/HD/52.png,https://raw.githubusercontent.com/indpDB/UC-ImageApp-MehndiDesigns/master/C2/TH/52.png,https://raw.githubusercontent.com/indpDB/UC-ImageApp-MehndiDesigns/master/C2/HD/52.png,https://raw.githubusercontent.com/indpDB/UC-ImageApp-MehndiDesigns/master/C3/TH/52.png,https://raw.githubusercontent.com/indpDB/UC-ImageApp-MehndiDesigns/master/C3/HD/52.png,,,https://raw.githubusercontent.com/indpDB/UC-ImageApp-MehndiDesigns/master/C5/TH/52.png,https://raw.githubusercontent.com/indpDB/UC-ImageApp-MehndiDesigns/master/C5/HD/52.png,,,,,,,,,,,,,,,,,,
,,,https://raw.githubusercontent.com/indpDB/UC-ImageApp-MehndiDesigns/master/C1/TH/53.png,https://raw.githubusercontent.com/indpDB/UC-ImageApp-MehndiDesigns/master/C1/HD/53.png,https://raw.githubusercontent.com/indpDB/UC-ImageApp-MehndiDesigns/master/C2/TH/53.png,https://raw.githubusercontent.com/indpDB/UC-ImageApp-MehndiDesigns/master/C2/HD/53.png,,,,,https://raw.githubusercontent.com/indpDB/UC-ImageApp-MehndiDesigns/master/C5/TH/53.png,https://raw.githubusercontent.com/indpDB/UC-ImageApp-MehndiDesigns/master/C5/HD/53.png,,,,,,,,,,,,,,,,,,
,,,https://raw.githubusercontent.com/indpDB/UC-ImageApp-MehndiDesigns/master/C1/TH/54.png,https://raw.githubusercontent.com/indpDB/UC-ImageApp-MehndiDesigns/master/C1/HD/54.png,https://raw.githubusercontent.com/indpDB/UC-ImageApp-MehndiDesigns/master/C2/TH/54.png,https://raw.githubusercontent.com/indpDB/UC-ImageApp-MehndiDesigns/master/C2/HD/54.png,,,,,https://raw.githubusercontent.com/indpDB/UC-ImageApp-MehndiDesigns/master/C5/TH/54.png,https://raw.githubusercontent.com/indpDB/UC-ImageApp-MehndiDesigns/master/C5/HD/54.png,,,,,,,,,,,,,,,,,,
,,,https://raw.githubusercontent.com/indpDB/UC-ImageApp-MehndiDesigns/master/C1/TH/55.png,https://raw.githubusercontent.com/indpDB/UC-ImageApp-MehndiDesigns/master/C1/HD/55.png,https://raw.githubusercontent.com/indpDB/UC-ImageApp-MehndiDesigns/master/C2/TH/55.png,https://raw.githubusercontent.com/indpDB/UC-ImageApp-MehndiDesigns/master/C2/HD/55.png,,,,,https://raw.githubusercontent.com/indpDB/UC-ImageApp-MehndiDesigns/master/C5/TH/55.png,https://raw.githubusercontent.com/indpDB/UC-ImageApp-MehndiDesigns/master/C5/HD/55.png,,,,,,,,,,,,,,,,,,
,,,https://raw.githubusercontent.com/indpDB/UC-ImageApp-MehndiDesigns/master/C1/TH/56.png,https://raw.githubusercontent.com/indpDB/UC-ImageApp-MehndiDesigns/master/C1/HD/56.png,https://raw.githubusercontent.com/indpDB/UC-ImageApp-MehndiDesigns/master/C2/TH/56.png,https://raw.githubusercontent.com/indpDB/UC-ImageApp-MehndiDesigns/master/C2/HD/56.png,,,,,https://raw.githubusercontent.com/indpDB/UC-ImageApp-MehndiDesigns/master/C5/TH/56.png,https://raw.githubusercontent.com/indpDB/UC-ImageApp-MehndiDesigns/master/C5/HD/56.png,,,,,,,,,,,,,,,,,,
,,,https://raw.githubusercontent.com/indpDB/UC-ImageApp-MehndiDesigns/master/C1/TH/57.png,https://raw.githubusercontent.com/indpDB/UC-ImageApp-MehndiDesigns/master/C1/HD/57.png,https://raw.githubusercontent.com/indpDB/UC-ImageApp-MehndiDesigns/master/C2/TH/57.png,https://raw.githubusercontent.com/indpDB/UC-ImageApp-MehndiDesigns/master/C2/HD/57.png,,,,,https://raw.githubusercontent.com/indpDB/UC-ImageApp-MehndiDesigns/master/C5/TH/57.png,https://raw.githubusercontent.com/indpDB/UC-ImageApp-MehndiDesigns/master/C5/HD/57.png,,,,,,,,,,,,,,,,,,
,,,https://raw.githubusercontent.com/indpDB/UC-ImageApp-MehndiDesigns/master/C1/TH/58.png,https://raw.githubusercontent.com/indpDB/UC-ImageApp-MehndiDesigns/master/C1/HD/58.png,https://raw.githubusercontent.com/indpDB/UC-ImageApp-MehndiDesigns/master/C2/TH/58.png,https://raw.githubusercontent.com/indpDB/UC-ImageApp-MehndiDesigns/master/C2/HD/58.png,,,,,https://raw.githubusercontent.com/indpDB/UC-ImageApp-MehndiDesigns/master/C5/TH/58.png,https://raw.githubusercontent.com/indpDB/UC-ImageApp-MehndiDesigns/master/C5/HD/58.png,,,,,,,,,,,,,,,,,,
,,,https://raw.githubusercontent.com/indpDB/UC-ImageApp-MehndiDesigns/master/C1/TH/59.png,https://raw.githubusercontent.com/indpDB/UC-ImageApp-MehndiDesigns/master/C1/HD/59.png,https://raw.githubusercontent.com/indpDB/UC-ImageApp-MehndiDesigns/master/C2/TH/59.png,https://raw.githubusercontent.com/indpDB/UC-ImageApp-MehndiDesigns/master/C2/HD/59.png,,,,,https://raw.githubusercontent.com/indpDB/UC-ImageApp-MehndiDesigns/master/C5/TH/59.png,https://raw.githubusercontent.com/indpDB/UC-ImageApp-MehndiDesigns/master/C5/HD/59.png,,,,,,,,,,,,,,,,,,
,,,https://raw.githubusercontent.com/indpDB/UC-ImageApp-MehndiDesigns/master/C1/TH/60.png,https://raw.githubusercontent.com/indpDB/UC-ImageApp-MehndiDesigns/master/C1/HD/60.png,https://raw.githubusercontent.com/indpDB/UC-ImageApp-MehndiDesigns/master/C2/TH/60.png,https://raw.githubusercontent.com/indpDB/UC-ImageApp-MehndiDesigns/master/C2/HD/60.png,,,,,https://raw.githubusercontent.com/indpDB/UC-ImageApp-MehndiDesigns/master/C5/TH/60.png,https://raw.githubusercontent.com/indpDB/UC-ImageApp-MehndiDesigns/master/C5/HD/60.png,,,,,,,,,,,,,,,,,,
,,,https://raw.githubusercontent.com/indpDB/UC-ImageApp-MehndiDesigns/master/C1/TH/61.png,https://raw.githubusercontent.com/indpDB/UC-ImageApp-MehndiDesigns/master/C1/HD/61.png,https://raw.githubusercontent.com/indpDB/UC-ImageApp-MehndiDesigns/master/C2/TH/61.png,https://raw.githubusercontent.com/indpDB/UC-ImageApp-MehndiDesigns/master/C2/HD/61.png,,,,,https://raw.githubusercontent.com/indpDB/UC-ImageApp-MehndiDesigns/master/C5/TH/61.png,https://raw.githubusercontent.com/indpDB/UC-ImageApp-MehndiDesigns/master/C5/HD/61.png,,,,,,,,,,,,,,,,,,
,,,https://raw.githubusercontent.com/indpDB/UC-ImageApp-MehndiDesigns/master/C1/TH/62.png,https://raw.githubusercontent.com/indpDB/UC-ImageApp-MehndiDesigns/master/C1/HD/62.png,https://raw.githubusercontent.com/indpDB/UC-ImageApp-MehndiDesigns/master/C2/TH/62.png,https://raw.githubusercontent.com/indpDB/UC-ImageApp-MehndiDesigns/master/C2/HD/62.png,,,,,https://raw.githubusercontent.com/indpDB/UC-ImageApp-MehndiDesigns/master/C5/TH/62.png,https://raw.githubusercontent.com/indpDB/UC-ImageApp-MehndiDesigns/master/C5/HD/62.png,,,,,,,,,,,,,,,,,,
,,,https://raw.githubusercontent.com/indpDB/UC-ImageApp-MehndiDesigns/master/C1/TH/63.png,https://raw.githubusercontent.com/indpDB/UC-ImageApp-MehndiDesigns/master/C1/HD/63.png,https://raw.githubusercontent.com/indpDB/UC-ImageApp-MehndiDesigns/master/C2/TH/63.png,https://raw.githubusercontent.com/indpDB/UC-ImageApp-MehndiDesigns/master/C2/HD/63.png,,,,,https://raw.githubusercontent.com/indpDB/UC-ImageApp-MehndiDesigns/master/C5/TH/63.png,https://raw.githubusercontent.com/indpDB/UC-ImageApp-MehndiDesigns/master/C5/HD/63.png,,,,,,,,,,,,,,,,,,
,,,https://raw.githubusercontent.com/indpDB/UC-ImageApp-MehndiDesigns/master/C1/TH/64.png,https://raw.githubusercontent.com/indpDB/UC-ImageApp-MehndiDesigns/master/C1/HD/64.png,https://raw.githubusercontent.com/indpDB/UC-ImageApp-MehndiDesigns/master/C2/TH/64.png,https://raw.githubusercontent.com/indpDB/UC-ImageApp-MehndiDesigns/master/C2/HD/64.png,,,,,https://raw.githubusercontent.com/indpDB/UC-ImageApp-MehndiDesigns/master/C5/TH/64.png,https://raw.githubusercontent.com/indpDB/UC-ImageApp-MehndiDesigns/master/C5/HD/64.png,,,,,,,,,,,,,,,,,,
,,,https://raw.githubusercontent.com/indpDB/UC-ImageApp-MehndiDesigns/master/C1/TH/65.png,https://raw.githubusercontent.com/indpDB/UC-ImageApp-MehndiDesigns/master/C1/HD/65.png,https://raw.githubusercontent.com/indpDB/UC-ImageApp-MehndiDesigns/master/C2/TH/65.png,https://raw.githubusercontent.com/indpDB/UC-ImageApp-MehndiDesigns/master/C2/HD/65.png,,,,,https://raw.githubusercontent.com/indpDB/UC-ImageApp-MehndiDesigns/master/C5/TH/65.png,https://raw.githubusercontent.com/indpDB/UC-ImageApp-MehndiDesigns/master/C5/HD/65.png,,,,,,,,,,,,,,,,,,
,,,https://raw.githubusercontent.com/indpDB/UC-ImageApp-MehndiDesigns/master/C1/TH/66.png,https://raw.githubusercontent.com/indpDB/UC-ImageApp-MehndiDesigns/master/C1/HD/66.png,https://raw.githubusercontent.com/indpDB/UC-ImageApp-MehndiDesigns/master/C2/TH/66.png,https://raw.githubusercontent.com/indpDB/UC-ImageApp-MehndiDesigns/master/C2/HD/66.png,,,,,https://raw.githubusercontent.com/indpDB/UC-ImageApp-MehndiDesigns/master/C5/TH/66.png,https://raw.githubusercontent.com/indpDB/UC-ImageApp-MehndiDesigns/master/C5/HD/66.png,,,,,,,,,,,,,,,,,,
,,,https://raw.githubusercontent.com/indpDB/UC-ImageApp-MehndiDesigns/master/C1/TH/67.png,https://raw.githubusercontent.com/indpDB/UC-ImageApp-MehndiDesigns/master/C1/HD/67.png,https://raw.githubusercontent.com/indpDB/UC-ImageApp-MehndiDesigns/master/C2/TH/67.png,https://raw.githubusercontent.com/indpDB/UC-ImageApp-MehndiDesigns/master/C2/HD/67.png,,,,,https://raw.githubusercontent.com/indpDB/UC-ImageApp-MehndiDesigns/master/C5/TH/67.png,https://raw.githubusercontent.com/indpDB/UC-ImageApp-MehndiDesigns/master/C5/HD/67.png,,,,,,,,,,,,,,,,,,
,,,https://raw.githubusercontent.com/indpDB/UC-ImageApp-MehndiDesigns/master/C1/TH/68.png,https://raw.githubusercontent.com/indpDB/UC-ImageApp-MehndiDesigns/master/C1/HD/68.png,https://raw.githubusercontent.com/indpDB/UC-ImageApp-MehndiDesigns/master/C2/TH/68.png,https://raw.githubusercontent.com/indpDB/UC-ImageApp-MehndiDesigns/master/C2/HD/68.png,,,,,https://raw.githubusercontent.com/indpDB/UC-ImageApp-MehndiDesigns/master/C5/TH/68.png,https://raw.githubusercontent.com/indpDB/UC-ImageApp-MehndiDesigns/master/C5/HD/68.png,,,,,,,,,,,,,,,,,,
,,,https://raw.githubusercontent.com/indpDB/UC-ImageApp-MehndiDesigns/master/C1/TH/69.png,https://raw.githubusercontent.com/indpDB/UC-ImageApp-MehndiDesigns/master/C1/HD/69.png,https://raw.githubusercontent.com/indpDB/UC-ImageApp-MehndiDesigns/master/C2/TH/69.png,https://raw.githubusercontent.com/indpDB/UC-ImageApp-MehndiDesigns/master/C2/HD/69.png,,,,,https://raw.githubusercontent.com/indpDB/UC-ImageApp-MehndiDesigns/master/C5/TH/69.png,https://raw.githubusercontent.com/indpDB/UC-ImageApp-MehndiDesigns/master/C5/HD/69.png,,,,,,,,,,,,,,,,,,
,,,https://raw.githubusercontent.com/indpDB/UC-ImageApp-MehndiDesigns/master/C1/TH/70.png,https://raw.githubusercontent.com/indpDB/UC-ImageApp-MehndiDesigns/master/C1/HD/70.png,https://raw.githubusercontent.com/indpDB/UC-ImageApp-MehndiDesigns/master/C2/TH/70.png,https://raw.githubusercontent.com/indpDB/UC-ImageApp-MehndiDesigns/master/C2/HD/70.png,,,,,https://raw.githubusercontent.com/indpDB/UC-ImageApp-MehndiDesigns/master/C5/TH/70.png,https://raw.githubusercontent.com/indpDB/UC-ImageApp-MehndiDesigns/master/C5/HD/70.png,,,,,,,,,,,,,,,,,,
,,,https://raw.githubusercontent.com/indpDB/UC-ImageApp-MehndiDesigns/master/C1/TH/71.png,https://raw.githubusercontent.com/indpDB/UC-ImageApp-MehndiDesigns/master/C1/HD/71.png,https://raw.githubusercontent.com/indpDB/UC-ImageApp-MehndiDesigns/master/C2/TH/71.png,https://raw.githubusercontent.com/indpDB/UC-ImageApp-MehndiDesigns/master/C2/HD/71.png,,,,,https://raw.githubusercontent.com/indpDB/UC-ImageApp-MehndiDesigns/master/C5/TH/71.png,https://raw.githubusercontent.com/indpDB/UC-ImageApp-MehndiDesigns/master/C5/HD/71.png,,,,,,,,,,,,,,,,,,
,,,https://raw.githubusercontent.com/indpDB/UC-ImageApp-MehndiDesigns/master/C1/TH/72.png,https://raw.githubusercontent.com/indpDB/UC-ImageApp-MehndiDesigns/master/C1/HD/72.png,https://raw.githubusercontent.com/indpDB/UC-ImageApp-MehndiDesigns/master/C2/TH/72.png,https://raw.githubusercontent.com/indpDB/UC-ImageApp-MehndiDesigns/master/C2/HD/72.png,,,,,https://raw.githubusercontent.com/indpDB/UC-ImageApp-MehndiDesigns/master/C5/TH/72.png,https://raw.githubusercontent.com/indpDB/UC-ImageApp-MehndiDesigns/master/C5/HD/72.png,,,,,,,,,,,,,,,,,,
,,,https://raw.githubusercontent.com/indpDB/UC-ImageApp-MehndiDesigns/master/C1/TH/73.png,https://raw.githubusercontent.com/indpDB/UC-ImageApp-MehndiDesigns/master/C1/HD/73.png,https://raw.githubusercontent.com/indpDB/UC-ImageApp-MehndiDesigns/master/C2/TH/73.png,https://raw.githubusercontent.com/indpDB/UC-ImageApp-MehndiDesigns/master/C2/HD/73.png,,,,,https://raw.githubusercontent.com/indpDB/UC-ImageApp-MehndiDesigns/master/C5/TH/73.png,https://raw.githubusercontent.com/indpDB/UC-ImageApp-MehndiDesigns/master/C5/HD/73.png,,,,,,,,,,,,,,,,,,
,,,https://raw.githubusercontent.com/indpDB/UC-ImageApp-MehndiDesigns/master/C1/TH/74.png,https://raw.githubusercontent.com/indpDB/UC-ImageApp-MehndiDesigns/master/C1/HD/74.png,https://raw.githubusercontent.com/indpDB/UC-ImageApp-MehndiDesigns/master/C2/TH/74.png,https://raw.githubusercontent.com/indpDB/UC-ImageApp-MehndiDesigns/master/C2/HD/74.png,,,,,,,,,,,,,,,,,,,,,,,,
,,,https://raw.githubusercontent.com/indpDB/UC-ImageApp-MehndiDesigns/master/C1/TH/75.png,https://raw.githubusercontent.com/indpDB/UC-ImageApp-MehndiDesigns/master/C1/HD/75.png,https://raw.githubusercontent.com/indpDB/UC-ImageApp-MehndiDesigns/master/C2/TH/75.png,https://raw.githubusercontent.com/indpDB/UC-ImageApp-MehndiDesigns/master/C2/HD/75.png,,,,,,,,,,,,,,,,,,,,,,,,
,,,https://raw.githubusercontent.com/indpDB/UC-ImageApp-MehndiDesigns/master/C1/TH/76.png,https://raw.githubusercontent.com/indpDB/UC-ImageApp-MehndiDesigns/master/C1/HD/76.png,https://raw.githubusercontent.com/indpDB/UC-ImageApp-MehndiDesigns/master/C2/TH/76.png,https://raw.githubusercontent.com/indpDB/UC-ImageApp-MehndiDesigns/master/C2/HD/76.png,,,,,,,,,,,,,,,,,,,,,,,,
,,,https://raw.githubusercontent.com/indpDB/UC-ImageApp-MehndiDesigns/master/C1/TH/77.png,https://raw.githubusercontent.com/indpDB/UC-ImageApp-MehndiDesigns/master/C1/HD/77.png,https://raw.githubusercontent.com/indpDB/UC-ImageApp-MehndiDesigns/master/C2/TH/77.png,https://raw.githubusercontent.com/indpDB/UC-ImageApp-MehndiDesigns/master/C2/HD/77.png,,,,,,,,,,,,,,,,,,,,,,,,
,,,https://raw.githubusercontent.com/indpDB/UC-ImageApp-MehndiDesigns/master/C1/TH/78.png,https://raw.githubusercontent.com/indpDB/UC-ImageApp-MehndiDesigns/master/C1/HD/78.png,https://raw.githubusercontent.com/indpDB/UC-ImageApp-MehndiDesigns/master/C2/TH/78.png,https://raw.githubusercontent.com/indpDB/UC-ImageApp-MehndiDesigns/master/C2/HD/78.png,,,,,,,,,,,,,,,,,,,,,,,,
,,,https://raw.githubusercontent.com/indpDB/UC-ImageApp-MehndiDesigns/master/C1/TH/79.png,https://raw.githubusercontent.com/indpDB/UC-ImageApp-MehndiDesigns/master/C1/HD/79.png,https://raw.githubusercontent.com/indpDB/UC-ImageApp-MehndiDesigns/master/C2/TH/79.png,https://raw.githubusercontent.com/indpDB/UC-ImageApp-MehndiDesigns/master/C2/HD/79.png,,,,,,,,,,,,,,,,,,,,,,,,
,,,https://raw.githubusercontent.com/indpDB/UC-ImageApp-MehndiDesigns/master/C1/TH/80.png,https://raw.githubusercontent.com/indpDB/UC-ImageApp-MehndiDesigns/master/C1/HD/80.png,https://raw.githubusercontent.com/indpDB/UC-ImageApp-MehndiDesigns/master/C2/TH/80.png,https://raw.githubusercontent.com/indpDB/UC-ImageApp-MehndiDesigns/master/C2/HD/80.png,,,,,,,,,,,,,,,,,,,,,,,,
,,,https://raw.githubusercontent.com/indpDB/UC-ImageApp-MehndiDesigns/master/C1/TH/81.png,https://raw.githubusercontent.com/indpDB/UC-ImageApp-MehndiDesigns/master/C1/HD/81.png,https://raw.githubusercontent.com/indpDB/UC-ImageApp-MehndiDesigns/master/C2/TH/81.png,https://raw.githubusercontent.com/indpDB/UC-ImageApp-MehndiDesigns/master/C2/HD/81.png,,,,,,,,,,,,,,,,,,,,,,,,
,,,https://raw.githubusercontent.com/indpDB/UC-ImageApp-MehndiDesigns/master/C1/TH/82.png,https://raw.githubusercontent.com/indpDB/UC-ImageApp-MehndiDesigns/master/C1/HD/82.png,https://raw.githubusercontent.com/indpDB/UC-ImageApp-MehndiDesigns/master/C2/TH/82.png,https://raw.githubusercontent.com/indpDB/UC-ImageApp-MehndiDesigns/master/C2/HD/82.png,,,,,,,,,,,,,,,,,,,,,,,,
,,,https://raw.githubusercontent.com/indpDB/UC-ImageApp-MehndiDesigns/master/C1/TH/83.png,https://raw.githubusercontent.com/indpDB/UC-ImageApp-MehndiDesigns/master/C1/HD/83.png,https://raw.githubusercontent.com/indpDB/UC-ImageApp-MehndiDesigns/master/C2/TH/83.png,https://raw.githubusercontent.com/indpDB/UC-ImageApp-MehndiDesigns/master/C2/HD/83.png,,,,,,,,,,,,,,,,,,,,,,,,
,,,https://raw.githubusercontent.com/indpDB/UC-ImageApp-MehndiDesigns/master/C1/TH/84.png,https://raw.githubusercontent.com/indpDB/UC-ImageApp-MehndiDesigns/master/C1/HD/84.png,https://raw.githubusercontent.com/indpDB/UC-ImageApp-MehndiDesigns/master/C2/TH/84.png,https://raw.githubusercontent.com/indpDB/UC-ImageApp-MehndiDesigns/master/C2/HD/84.png,,,,,,,,,,,,,,,,,,,,,,,,
,,,https://raw.githubusercontent.com/indpDB/UC-ImageApp-MehndiDesigns/master/C1/TH/85.png,https://raw.githubusercontent.com/indpDB/UC-ImageApp-MehndiDesigns/master/C1/HD/85.png,,,,,,,,,,,,,,,,,,,,,,,,,,
,,,https://raw.githubusercontent.com/indpDB/UC-ImageApp-MehndiDesigns/master/C1/TH/86.png,https://raw.githubusercontent.com/indpDB/UC-ImageApp-MehndiDesigns/master/C1/HD/86.png,,,,,,,,,,,,,,,,,,,,,,,,,,
,,,https://raw.githubusercontent.com/indpDB/UC-ImageApp-MehndiDesigns/master/C1/TH/87.png,https://raw.githubusercontent.com/indpDB/UC-ImageApp-MehndiDesigns/master/C1/HD/87.png,,,,,,,,,,,,,,,,,,,,,,,,,,
,,,https://raw.githubusercontent.com/indpDB/UC-ImageApp-MehndiDesigns/master/C1/TH/88.png,https://raw.githubusercontent.com/indpDB/UC-ImageApp-MehndiDesigns/master/C1/HD/88.png,,,,,,,,,,,,,,,,,,,,,,,,,,
,,,https://raw.githubusercontent.com/indpDB/UC-ImageApp-MehndiDesigns/master/C1/TH/89.png,https://raw.githubusercontent.com/indpDB/UC-ImageApp-MehndiDesigns/master/C1/HD/89.png,,,,,,,,,,,,,,,,,,,,,,,,,,
,,,https://raw.githubusercontent.com/indpDB/UC-ImageApp-MehndiDesigns/master/C1/TH/90.png,https://raw.githubusercontent.com/indpDB/UC-ImageApp-MehndiDesigns/master/C1/HD/90.png,,,,,,,,,,,,,,,,,,,,,,,,,,
,,,https://raw.githubusercontent.com/indpDB/UC-ImageApp-MehndiDesigns/master/C1/TH/91.png,https://raw.githubusercontent.com/indpDB/UC-ImageApp-MehndiDesigns/master/C1/HD/91.png,,,,,,,,,,,,,,,,,,,,,,,,,,
,,,https://raw.githubusercontent.com/indpDB/UC-ImageApp-MehndiDesigns/master/C1/TH/92.png,https://raw.githubusercontent.com/indpDB/UC-ImageApp-MehndiDesigns/master/C1/HD/92.png,,,,,,,,,,,,,,,,,,,,,,,,,,
,,,https://raw.githubusercontent.com/indpDB/UC-ImageApp-MehndiDesigns/master/C1/TH/93.png,https://raw.githubusercontent.com/indpDB/UC-ImageApp-MehndiDesigns/master/C1/HD/93.png,,,,,,,,,,,,,,,,,,,,,,,,,,
,,,https://raw.githubusercontent.com/indpDB/UC-ImageApp-MehndiDesigns/master/C1/TH/94.png,https://raw.githubusercontent.com/indpDB/UC-ImageApp-MehndiDesigns/master/C1/HD/94.png,,,,,,,,,,,,,,,,,,,,,,,,,,
,,,https://raw.githubusercontent.com/indpDB/UC-ImageApp-MehndiDesigns/master/C1/TH/95.png,https://raw.githubusercontent.com/indpDB/UC-ImageApp-MehndiDesigns/master/C1/HD/95.png,,,,,,,,,,,,,,,,,,,,,,,,,,
,,,https://raw.githubusercontent.com/indpDB/UC-ImageApp-MehndiDesigns/master/C1/TH/96.png,https://raw.githubusercontent.com/indpDB/UC-ImageApp-MehndiDesigns/master/C1/HD/96.png,,,,,,,,,,,,,,,,,,,,,,,,,,
,,,https://raw.githubusercontent.com/indpDB/UC-ImageApp-MehndiDesigns/master/C1/TH/97.png,https://raw.githubusercontent.com/indpDB/UC-ImageApp-MehndiDesigns/master/C1/HD/97.png,,,,,,,,,,,,,,,,,,,,,,,,,,
,,,https://raw.githubusercontent.com/indpDB/UC-ImageApp-MehndiDesigns/master/C1/TH/98.png,https://raw.githubusercontent.com/indpDB/UC-ImageApp-MehndiDesigns/master/C1/HD/98.png,,,,,,,,,,,,,,,,,,,,,,,,,,
,,,https://raw.githubusercontent.com/indpDB/UC-ImageApp-MehndiDesigns/master/C1/TH/99.png,https://raw.githubusercontent.com/indpDB/UC-ImageApp-MehndiDesigns/master/C1/HD/99.png,,,,,,,,,,,,,,,,,,,,,,,,,,
,,,https://raw.githubusercontent.com/indpDB/UC-ImageApp-MehndiDesigns/master/C1/TH/100.png,https://raw.githubusercontent.com/indpDB/UC-ImageApp-MehndiDesigns/master/C1/HD/100.png,,,,,,,,,,,,,,,,,,,,,,,,,,
,,,https://raw.githubusercontent.com/indpDB/UC-ImageApp-MehndiDesigns/master/C1/TH/101.png,https://raw.githubusercontent.com/indpDB/UC-ImageApp-MehndiDesigns/master/C1/HD/101.png,,,,,,,,,,,,,,,,,,,,,,,,,,
